{
    "position": {
        "x": -1.7490688415434315,
        "y": -0.01003105376578318,
        "z": 0.0
    },
    "orientation": {
        "roll": 0.0,
        "pitch": -0.0,
        "yaw": 0.0063821591693197
    }
}