{"position": {"x": -0.36596013834838076, "y": 0.35588482503943586, "z": 0.0}, "orientation": {"roll": 0.0, "pitch": 0.0, "yaw": 0.5314917161701102}}