{"position": {"x": 0.7067043882717274, "y": 0.0075794046871530355, "z": 0.0}, "orientation": {"roll": 0.0, "pitch": -0.0, "yaw": 0.038385903042236186}}