{"position": {"x": -0.6776711311411802, "y": -0.20954846796278032, "z": 0.0}, "orientation": {"roll": 0.0, "pitch": -0.0, "yaw": 0.10552400175633936}}